abandoned building,AI core room,afternoon,after rain,adventurous,amber light,aesthetic,simple black background,,,,,bedroom
AI server room,alley entrance,aurora night,aurora lights,anxious,ambient glow,analog film,simple white background,,,,,living room
airport terminal,ancient gate,autumn evening,blizzard,apocalyptic,artistic glow,art deco,simple blue background,"the background is a simple white and orange geometric pattern, which adds to the overall dynamic and energetic feel of the illustration. the style is reminiscent of anime and manga, with bold lines and vibrant colors that bring the character to life.",,,,kitchen
alleyway,balcony room,blue hour,bright,artistic,backlight,art nouveau,simple gradient black to white background,,,,,bathroom
ancient ruins,bar counter,celestial dawn,clear,bittersweet,bioluminescent glow,baroque,,,,,,dining room
ancient temple,beach shore,cloudy night,cloudy,breathtaking,candlelight,boho style,,,,,,office
arcade,bedroom corner,dawn,cold wind,calm,celestial beam,charcoal art,,,,,,studio
art gallery,behind a desk,daylight,crisp air,celestial,chiaroscuro,cinematic,,,,,,library
art installation,behind curtains,dreamlike morning,dark clouds,chaotic,cinematic lighting,classic painting,,,,,,classroom
asylum corridor,beside a fireplace,dusk,dense fog,cinematic,city lights,concept art,,,,,,hallway
aurora field,bridge walkway,early morning,divine light,cold,cold daylight,cottagecore,,,,,,attic
bar,cafe terrace table,early spring,drizzle,comforting,colored fog light,cyberpunk,,,,,,basement
bathroom,canyon bridge,eclipse,dust storm,cosmic,colored lights,depth of field style,,,,,,closet
beach,cargo bay,endless night,electric sky,courageous,cosmic illumination,desaturated tones,,,,,,garage
bedroom,castle courtyard,eternal dusk,ethereal weather,cozy,cozy lighting,detailed realism,,,,,,gym
bridge,castle tower top,evening,falling snowflakes,creepy,crystal light,digital,,,,,,museum
bus stop,cathedral hall,foggy morning,floating particles,cursed,cyberpunk glow,digital painting,,,,,,art gallery
café terrace,city skyline,frozen in time,foggy,dark,dawn light,documentary style,,,,,,laboratory
canyon,city square,full moon night,frosty morning,depressing,daylight,dreamy aesthetic,,,,,,server room
castle hall,cliff edge,glowing twilight,frozen landscape,desolate,diffused light,dystopian,,,,,,control room
cathedral,colonnade,golden hour,gentle breeze,distant,digital light,editorial style,,,,,,theater
cave entrance,construction site,late afternoon,glowing clouds,divine,dim light,elegant,,,,,,cinema
celestial palace,control panel area,late morning,glowing fog,dramatic,divine illumination,expressionist,,,,,,greenhouse
chapel,crypt chamber,late night,glowing sky,dreamy,dramatic shadows,fairycore,,,,,,restaurant
church,desert dunes,late summer,golden sunlight,dynamic,dreamy light,fantasy illustration,,,,,,bar
cinema,dungeon cell,magical sunset,hazy atmosphere,eerie,dusk light,film grain,,,,,,coffee shop
citadel,elevator hall,meteor shower,heavy rain,emotional,enchanted glow,fine art photography,,,,,,bakery
city street,field of flowers,mid autumn,heavy snow,enchanted,ethereal glow,futuristic,,,,,,bookstore
classroom,flower field,midnight,hurricane,energetic,evening glow,gouache style,,,,,,mall
cliffside,forest clearing,misty dawn,icy air,enigmatic,fantasy lighting,HDR style,,,,,,supermarket
clock tower,forest trail,moonlight,light rain,epic,fireplace light,high contrast photography,,,,,,airport terminal
cloud temple,fortress wall,morning,light snow,ethereal,fluorescent light,holographic style,,,,,,train station
colosseum,garden pond,neon night,lightning storm,ethereal serenity,gentle lighting,hyperrealistic,,,,,,subway station
control room,hallway corner,new moon night,low mist,fairytale,glowing mist,impressionist,,,,,,waiting room
cosmic landscape,hangar floor,night,magical mist,fearful,glowing runes,ink drawing,,,,,,hospital room
crashed ship,hill path,noon,mild weather,gentle,golden glow,magazine photography,,,,,,operating room
crime scene,hologram chamber,northern lights,misty,ghostly,golden hour light,matte finish,,,,,,hotel lobby
crypt,in front of a mirror,rainy season,misty rain,gloomy,gradient lighting,matte painting,,,,,,hotel room
crystal cavern,in front of shop,snowy winter,morning haze,gothic,halo light,minimalist,,,,,,elevator
cyberpunk street,in tall grass,spring morning,overcast,grand,harsh light,moody realism,,,,,,corridor
dark fortress,in the attic,starlight,rain,grim,high contrast light,muted tones,,,,,,warehouse
data center,kitchen table,stormy evening,rain shower,harmonious,holographic light,natural lighting,,,,,,factory
desert,lakeside,summer day,rainbow sky,haunted,iridescent glow,neon aesthetic,,,,,,workshop
dining room,library aisle,sunrise,sandstorm,heartwarming,lamplight,oil painting,,,,,,music studio
dojo,maintenance tunnel,sunset,shimmering air,heroic,laser beam light,painterly,,,,,,recording booth
dragon cave,mall corridor,surreal afternoon,smoky air,hopeful,LED lighting,pastel painting,,,,,,dojo
dreamscape,meadow hill,timeless moment,snow,introspective,lens flare light,pencil drawing,,,,,,temple interior
dressing room,medieval square,twilight,snowstorm,isolated,low-key lighting,photo-realistic,,,,,,cathedral
dungeon,monastery corridor,winter night,starlit fog,joyful,magic circle light,pop art,,,,,,church hall
elven city,mountain peak,,stormy,lonely,moonlight,realistic,,,,,,castle hall
enchanted forest,near bookshelf,,strong wind,luminous,morning light,renaissance art,,,,,,throne room
energy core,near doorway,,sunny,magical,mystical radiance,retrofuturism,,,,,,dungeon
factory ruins,near window,,surreal atmosphere,majestic,natural shadow,sci-fi,,,,,,cellar
fairy meadow,neon corridor,,thunder clouds,melancholic,neon light,sketch style,,,,,,wine cellar
fallout shelter,neon rooftop,,thunderstorm,mysterious,neon reflections,soft focus,,,,,,locker room
fantasy village,neon-lit alley,,tropical rain,mystical,overcast light,soft pastel style,,,,,,spa
field,observation deck,,twilight haze,mythic,overexposed light,street art,,,,,,onsen
floating island,office desk,,typhoon,nightmarish,plasma lighting,surrealist,,,,,,sauna
floating platforms,old marketplace,,vortex clouds,nostalgic,radiant aura,synthwave,,,,,,bathhouse
forest,on a bed,,warm sunlight,ominous,rainbow lighting,vaporwave,,,,,,aquarium interior
fortress,on staircase,,wet ground,otherworldly,reflection lighting,vintage aesthetic,,,,,,
fractal dimension,palace balcony,,windy,passionate,RGB light,vintage photography,,,,,,🌿 Lieux extérieurs (Outdoor)
futuristic city,parking garage,,,peaceful,rim light,watercolor style,,,,,,
garden,restaurant booth,,,pensive,romantic lighting,y2k aesthetic,,,,,,garden
glass dome,riverside,,,poetic,silhouette lighting,,,,,,,backyard
gothic hall,rocky coast,,,powerful,soft daylight,,,,,,,courtyard
graveyard,rooftop edge,,,psychedelic,soft diffusion,,,,,,,patio
gym,shrine garden,,,quiet,soft flash,,,,,,,balcony
hallway,skyline balcony,,,quiet tension,soft glow,,,,,,,terrace
harbor,snowy hill,,,radiant,soft shadow,,,,,,,rooftop
haunted mansion,sofa area,,,reflective,spectral light,,,,,,,street
hilltop,space station bridge,,,relaxing,spotlight,,,,,,,alley
holographic chamber,stained glass window,,,romantic,starlight,,,,,,,avenue
holographic grid,stone bridge,,,secretive,street light,,,,,,,boulevard
hospital ward,stone path,,,serene,studio lighting,,,,,,,square
industrial corridor,street corner,,,silent,sunlight,,,,,,,plaza
infinite corridor,subway tunnel,,,sinister,sunset light,,,,,,,bridge
jungle,teleportation pad,,,soft,surreal lighting,,,,,,,pier
kitchen,temple stairs,,,somber,twilight glow,,,,,,,harbor
laboratory,theater stage,,,soothing,volumetric lighting,,,,,,,port
laboratory,throne room,,,sorrowful,warm indoor light,,,,,,,dock
lake shore,train platform,,,spiritual,warm reflection,,,,,,,beach
library,under a chandelier,,,stormy,warm sunlight,,,,,,,coast
living room,under a tree,,,sunny,window light,,,,,,,cliff
magic academy,under archway,,,surreal,,,,,,,,mountain
marketplace,under skylight,,,surreal,,,,,,,,hill
meadow,under spotlight,,,suspenseful,,,,,,,,valley
mech hangar,virtual plaza,,,tense,,,,,,,,forest
medieval village,warehouse interior,,,thrilling,,,,,,,,jungle
mirror room,waterfall base,,,tragic,,,,,,,,rainforest
monastery,,,,tranquil,,,,,,,,meadow
mountain,,,,transcendental,,,,,,,,field
museum,,,,unreal,,,,,,,,farm
necromancer lair,,,,unsettling,,,,,,,,orchard
neon alley,,,,vibrant,,,,,,,,vineyard
neon void,,,,vibrant dream,,,,,,,,desert
nightclub,,,,visionary,,,,,,,,oasis
observatory,,,,warm,,,,,,,,canyon
office,,,,whimsical,,,,,,,,lake
overgrown subway,,,,wistful,,,,,,,,river
palace courtyard,,,,,,,,,,,,waterfall
park,,,,,,,,,,,,island
parking lot,,,,,,,,,,,,volcano
plaza,,,,,,,,,,,,glacier
post-apocalyptic street,,,,,,,,,,,,tundra
potion shop,,,,,,,,,,,,ice cave
radioactive zone,,,,,,,,,,,,snowfield
recording studio,,,,,,,,,,,,savanna
restaurant,,,,,,,,,,,,swamp
riverbank,,,,,,,,,,,,marsh
robotics workshop,,,,,,,,,,,,wetland
roman bath,,,,,,,,,,,,park
rooftop,,,,,,,,,,,,botanical garden
ruined city,,,,,,,,,,,,cemetery
ruined temple,,,,,,,,,,,,campground
shopping mall,,,,,,,,,,,,playground
shrine,,,,,,,,,,,,sports field
skate park,,,,,,,,,,,,stadium exterior
snowy landscape,,,,,,,,,,,,amusement park
space station,,,,,,,,,,,,fairground
spaceship bridge,,,,,,,,,,,,zoo
studio,,,,,,,,,,,,castle courtyard
study room,,,,,,,,,,,,village square
subway station,,,,,,,,,,,,marketplace
swamp,,,,,,,,,,,,old town street
temple,,,,,,,,,,,,fishing village
theater,,,,,,,,,,,,harbor town
throne room,,,,,,,,,,,,seaside promenade
time rift,,,,,,,,,,,,ski resort
toxic wasteland,,,,,,,,,,,,beach resort
train platform,,,,,,,,,,,,mountain village
underground bunker,,,,,,,,,,,,ruins
underwater city,,,,,,,,,,,,temple courtyard
valley,,,,,,,,,,,,shrine grounds
virtual room,,,,,,,,,,,,shinto shrine
void space,,,,,,,,,,,,graveyard
volcano slope,,,,,,,,,,,,
waterfall,,,,,,,,,,,,🌇 Lieux urbains (Urban)
wizard tower,,,,,,,,,,,,
workshop,,,,,,,,,,,,city street
,,,,,,,,,,,,downtown
,,,,,,,,,,,,suburbs
,,,,,,,,,,,,city skyline
,,,,,,,,,,,,rooftop garden
,,,,,,,,,,,,parking lot
,,,,,,,,,,,,bus stop
,,,,,,,,,,,,train platform
,,,,,,,,,,,,subway entrance
,,,,,,,,,,,,bridge underpass
,,,,,,,,,,,,highway
,,,,,,,,,,,,tunnel
,,,,,,,,,,,,intersection
,,,,,,,,,,,,crosswalk
,,,,,,,,,,,,construction site
,,,,,,,,,,,,industrial zone
,,,,,,,,,,,,warehouse district
,,,,,,,,,,,,shopping district
,,,,,,,,,,,,financial district
,,,,,,,,,,,,university campus
,,,,,,,,,,,,schoolyard
,,,,,,,,,,,,courthouse
,,,,,,,,,,,,police station
,,,,,,,,,,,,fire station
,,,,,,,,,,,,post office
,,,,,,,,,,,,concert hall
,,,,,,,,,,,,nightclub
,,,,,,,,,,,,arcade
,,,,,,,,,,,,cyber café
,,,,,,,,,,,,internet café
,,,,,,,,,,,,laundromat
,,,,,,,,,,,,barbershop
,,,,,,,,,,,,tattoo studio
,,,,,,,,,,,,food market
,,,,,,,,,,,,fish market
,,,,,,,,,,,,street market
,,,,,,,,,,,,flea market
,,,,,,,,,,,,car showroom
,,,,,,,,,,,,skyscraper lobby
,,,,,,,,,,,,airport runway
,,,,,,,,,,,,control tower
,,,,,,,,,,,,bus terminal
,,,,,,,,,,,,metro tunnel
,,,,,,,,,,,,
,,,,,,,,,,,,🌅 Nature / paysages
,,,,,,,,,,,,
,,,,,,,,,,,,sunset beach
,,,,,,,,,,,,mountain peak
,,,,,,,,,,,,forest trail
,,,,,,,,,,,,riverbank
,,,,,,,,,,,,seashore
,,,,,,,,,,,,desert dunes
,,,,,,,,,,,,frozen lake
,,,,,,,,,,,,waterfall cliff
,,,,,,,,,,,,hidden cave
,,,,,,,,,,,,bamboo forest
,,,,,,,,,,,,flower field
,,,,,,,,,,,,lavender field
,,,,,,,,,,,,sunflower field
,,,,,,,,,,,,rocky coast
,,,,,,,,,,,,foggy forest
,,,,,,,,,,,,pine forest
,,,,,,,,,,,,cherry blossom garden
,,,,,,,,,,,,rice field
,,,,,,,,,,,,terraced hill
,,,,,,,,,,,,tropical island
,,,,,,,,,,,,coral reef
,,,,,,,,,,,,underwater cave
,,,,,,,,,,,,deep ocean
,,,,,,,,,,,,ocean floor
,,,,,,,,,,,,arctic tundra
,,,,,,,,,,,,aurora sky
,,,,,,,,,,,,volcanic island
,,,,,,,,,,,,
,,,,,,,,,,,,🏰 Fantastiques / imaginaires
,,,,,,,,,,,,
,,,,,,,,,,,,floating island
,,,,,,,,,,,,magic forest
,,,,,,,,,,,,enchanted castle
,,,,,,,,,,,,ancient temple
,,,,,,,,,,,,ruined cathedral
,,,,,,,,,,,,sky city
,,,,,,,,,,,,underwater city
,,,,,,,,,,,,futuristic city
,,,,,,,,,,,,cyberpunk alley
,,,,,,,,,,,,steampunk factory
,,,,,,,,,,,,post-apocalyptic wasteland
,,,,,,,,,,,,alien planet
,,,,,,,,,,,,space station
,,,,,,,,,,,,moon base
,,,,,,,,,,,,mars colony
,,,,,,,,,,,,asteroid base
,,,,,,,,,,,,ancient ruins
,,,,,,,,,,,,dragon cave
,,,,,,,,,,,,fairy glade
,,,,,,,,,,,,mystic shrine
,,,,,,,,,,,,portal chamber
,,,,,,,,,,,,crystal cave
,,,,,,,,,,,,lava temple
,,,,,,,,,,,,frozen fortress
,,,,,,,,,,,,haunted mansion
,,,,,,,,,,,,abandoned hospital
,,,,,,,,,,,,deserted village
,,,,,,,,,,,,ghost town