flat chest,breast implants,covered nipples,areola piercing,nipple bar,bouncing breasts,backboob
gigantic breasts,bursting breasts,dark nipples,areola slip,nipple bells,breast hold,sideboob
huge breasts,perky breasts,huge nipples,areola slip,nipple chain,breast lift,underboob
large breasts,perky breasts,inverted nipples,areola slip,nipple clamps,breast press,
large breasts,pointy breasts,long nipples,dark areolaes,nipple lock,breast pull,
large breasts,puffy breasts,nipple indents,glands of montgomery,nipple piercing,breast punch,
medium breasts,rond breasts ,nipple slip,large areolaes,nipple plug,breast rest,
medium breasts,sagging breasts,nipples,large areolaes,nipple ribbon,breast slip,
medium breasts,saggy breasts,nipples,large areolaes,nipple rings,breast suppress,
medium breasts,tied breast,nipples,light areolaes,nipple stretcher,breasts apart,
small breasts,,puffy nipples,light areolaes,nipple torture,breasts on table,
small breasts,,puffy nipples,light areolaes,tied nipples,breasts out,
small breasts,,puffy nipples,puffy areolaes,vibrator on nipple,breasts squeezed together,
small breasts,,puffy nipples,puffy areolaes,,carried breast rest,
,,small nipples,,,cleavage,
,,,,,floating breasts,
,,,,,groping,
,,,,,guided breast grab,
,,,,,hanging breasts,
,,,,,nipple flick,
,,,,,nipple press,
,,,,,nipple pull,
,,,,,nipple push,
,,,,,nipple rub,
,,,,,nipple tweak,
,,,,,one breast out,
,,,,,poking own breast,
,,,,,slapping breasts,
,,,,,Whole breasts visible,