blouse,a-line skirt,asymmetrical jacket,asymmetric dress,athletic briefs,baby doll,aesthetic minimal,anklet,angelic hood,armor gloves,ankle boots,A black and gold sequin mini dress with black patent leather ankle strap heels and statement earrings.
boho blouse,asymmetrical skirt,avant-garde jacket,avant-garde outfit,athletic underwear,babydoll lingerie,ai-inspired,armband,animal hood,biker gloves,avant-garde boots,A black lace crop top with a high-waisted white midi skirt and metallic silver pumps.
bustier,bermuda shorts,aviator jacket,backless dress,basic cotton underwear,balconette bra,alt fashion,aviator sunglasses,astronaut helmet,boho gloves,barefoot sandals,A black satin slip dress and black strappy heels.
button-up shirt,biker shorts,belted coat,ball gown,bikini panties,black lace lingerie,anime-inspired,backpack,aviator cap,bow gloves,block heels,A bold emerald green halter neck dress with chunky black heels and a black clutch.
camisole,bloomers,biker jacket,bodycon dress,boxer briefs,bodysuit,artsy,bangle,bamboo hat,chain gloves,boho sandals,A bold yellow bodycon dress with gold drop earrings and black patent leather pumps.
chiffon blouse,boho maxi skirt,boho poncho,bodysuit,boxers,boudoir lingerie,avant-garde,beanie,baseball cap,clawed gloves,boots,A chic white tuxedo dress with silver stiletto heels and silver hoop earrings.
corset top,capri pants,bolero jacket,bohemian dress,boyshorts,bra,bohemian,belt,beanie,combat gloves,brogues,A deep blue velvet mini dress paired with silver strappy heels and statement earrings.
cottagecore blouse,cargo pants,bomber jacket,boho maxi dress,briefs,bralette,boho,body chain,bear hood,cosplay gloves,canvas shoes,A dramatic red maxi dress with gold drop earrings and black strappy heels.
crop top,cargo shorts,cape,boiler suit,briefs men,brazilian panties,business casual,boho accessories,beret,cottagecore gloves,chunky sneakers,A fiery red bodycon dress with gold hoop earrings and nude pumps.
cyberpunk top,chino pants,cape coat,catsuit,classic underwear,bridal lingerie,cartooncore,bow tie,beret with badge,cotton gloves,clogs,A glittering gold mini dress with black ankle strap heels and a black clutch.
dress shirt,cottagecore skirt,cardigan,chiffon dress,colorful underwear,bustier top,casual,bracelet,biker helmet,cyberpunk gloves,combat boots,A glittering silver mini dress with black ankle strap heels and statement earrings.
fitted t-shirt,cropped pants,cloak,cocktail dress,compression shorts,chemise lingerie,chic,brooch,boater hat,driving gloves,cottagecore clogs,A metallic silver midi skirt with a black crop top and black ankle boots.
flannel shirt,culottes,coat,corset dress,cotton boxers,choker harness,classy,cat-eye sunglasses,bowler hat,embroidered gloves,cowboy boots,"A one-shoulder ruffled top in a vibrant hue, paired with white denim shorts, heeled sandals, and a stack of colorful bangles for a stylish day-to-night look."
futuristic crop top,cyberpunk pants,cottagecore cardigan,cottagecore dress,cotton panties,corset bodysuit,colorful,chain belt,bucket hat,evening gloves,cyberpunk sneakers,A playful pink sequin romper with matching pink strappy heels and statement earrings.
gothic blouse,denim shorts,cropped blazer,cut-out dress,cute underwear,corset top,cosplay aesthetic,chain necklace,camouflage helmet,fairycore gloves,derby shoes,A playful purple feather-trimmed mini dress with silver strappy heels and silver hoop earrings.
grunge t-shirt,denim skirt,cropped jacket,cyberpunk dress,full-coverage panties,crotchless panties,cottagecore,charm bracelet,cap,fantasy gloves,designer heels,A royal blue velvet jumpsuit with gold hoop earrings and black strappy heels.
halter top,dress pants,cyberpunk jacket,dress,g-string,demi-cup bra,cybercore,choker,cat hood,fingerless gloves,dress shoes,A shimmering silver jumpsuit with matching silver stilettos and a sleek black clutch.
lace top,flared pants,denim jacket,dungarees,high-rise briefs,elegant lingerie,cyberpunk,clutch,cleric hood,futuristic gloves,espadrilles,A sleek black jumpsuit with silver drop earrings and black patent leather pumps.
lace-trim camisole,futuristic leggings,double-breasted coat,evening gown,high-waisted panties,embroidered bra,dark academia,crossbody bag,combat helmet,gauntlets,fashion sneakers,A sleek black turtleneck bodysuit with a metallic gold mini skirt and black ankle boots
layered shirt,gothic skirt,duffle coat,fairycore dress,hipster panties,fishnet stockings,designer style,dangling earrings,conical hat,gloves,flip flops,A vibrant orange off-the-shoulder top paired with high-waisted black pants and black ankle boots.
long sleeve shirt,grunge ripped jeans,embroidered coat,fairytale dress,lace-trim panties,floral lace lingerie,digital fashion,earrings,cowboy hat,gothic gloves,formal shoes,A white blazer dress with gold hoop earrings and black strappy heels.
mesh top,gym shorts,faux fur coat,floral dress,long johns,full-cup bra,dreamy,fanny pack,crown,insulated gloves,futuristic boots,"black and white maid outfit with a corset, white frilly skirt, and thigh-high stockings, black heels, thighhighs, gloves, maid headdress, maid, white gloves, white thighhighs, apron, garter straps, short sleeves, dress, puffy sleeves, panties, underwear, frills, cleavage, puffy short sleeves, bow, black footwear, black dress, maid apron, shoes, waist apron, white panties, detached collar"
off-shoulder sweater,harem pants,fur coat,formal dress,low-rise briefs,garter belt,elegant,fashion glasses,crystal crown,knit gloves,gladiator sandals,"Boho-chic look with a lace-trimmed maxi skirt, a lightweight blouse with bell sleeves, and ankle-wrap sandals, finished with a fringe bag and layered jewelry."
off-shoulder top,high-waisted jeans,futuristic trench,futuristic dress,low-rise panties,garter panties,elegant gothic,fedora,cyber crown,lace gloves,gothic boots,"Bold printed mini skirt with a ruffled hem, worn with a simple white t-shirt, slide sandals, and a pair of statement earrings for a fun summer outing."
oversized t-shirt,high-waisted shorts,gothic coat,gothic dress,lowlegs panties,garters,emo,gemstone ring,demon hood,latex gloves,gothic shoes,"Breezy floral sundress with spaghetti straps, paired with espadrille wedges and a straw tote bag for a beach-ready look."
oxford shirt,hot pants,hooded jacket,halter dress,microfiber boxers,gothic lingerie,ethereal,glasses,diving helmet,leather gloves,heeled sandals,"Casual summer outfit featuring a striped tank top, high-waisted linen pants, and espadrille flats, finished with a woven belt and hoop earrings."
peplum top,jeans,jacket,high-slit dress,microfiber panties,harness belt,fairycore,golden bracelet,dragon hood,long gloves,heels,"Casual summer outfit with a sleeveless chambray shirt, khaki shorts, flat leather sandals, and a simple pendant necklace."
plaid shirt,joggers,kimono jacket,jumpsuit,minimalist underwear,high-cut panties,fantasycore,gothic jewelry,executioner hood,magical gloves,high boots,"Chic linen jumpsuit in a bold hue, accessorized with a wide-brimmed sun hat, oversized sunglasses, and flat strappy sandals."
polo shirt,latex pants,knit cardigan,kimono dress,modal trunks,lace bodysuit,formal,hair clip,fedora,mesh gloves,high heels,"Classic white shirtdress worn over a colorful bikini, accessorized with a beach tote, flip-flops, and a floppy sun hat."
preppy sweater vest,leather pants,leather jacket,lace dress,modern underwear,lace bra,futuristic,handbag,fire crown,metallic gloves,high-top sneakers,"Comfortable tank dress in a bold color, worn with sporty slide sandals, a crossbody bag, and a stack of bracelets."
ruched blouse,leather skirt,lined coat,layered dress,panties,lace collar,futuristic techwear,headscarf,fisherman hat,opera gloves,jelly sandals,"Crochet-trimmed kaftan worn over a swimsuit, paired with embellished sandals, a beach tote, and a pair of aviator sunglasses."
ruffled blouse,leggings,long coat,long dress,patterned underwear,,gothic,hoop earrings,flat cap,pearl-trim gloves,kitten heels,"Distressed denim mini skirt with a tucked-in graphic tee, completed with white sneakers, a denim jacket, and layered necklaces."
satin camisole,maxi skirt,military jacket,long jumpsuit,period panties,lace panties,grunge,lace mask,flight goggles,punk gloves,knee-high boots,"Elegant maxi dress with a halter neckline, worn with metallic sandals, a beaded clutch"
satin shirt,midi skirt,minimalist coat,low-cut dress,ribbed panties,lace thigh-highs,harajuku,layered necklace,flower crown,ruffled gloves,lace-up boots,"Elegant white lace dress with a scalloped hem, accessorized with nude heels, a clutch, and delicate gold jewelry for a sophisticated summer event."
see-through top,mini skirt,open cardigan,maxi dress,satin panties,lace-trim panties,haute couture,leather belt,fox hood,satin gloves,leather boots,"Flowy tiered sundress in a soft, feminine print, worn with strappy flat sandals, a charm bracelet, and a dainty pendant necklace for a romantic summer look."
sheer blouse,mom jeans,overcoat,mechanic jumpsuit,seamless briefs,lingerie romper,high fashion,masquerade mask,fur hood,sheer gloves,leather shoes,"Flowy wide-leg pants in a bright, summery print, paired with a cropped tank top, wedge sandals, and a stack of bangle bracelets."
short sleeve shirt,pencil skirt,oversized hoodie,mesh dress,seamless panties,lingerie teddy,hip hop style,mini bag,gas mask helmet,short gloves,loafers,"Flowy wrap dress in a soft pastel shade, worn with heeled sandals, a minimalist necklace, and a top-handle bag for a polished look."
silk blouse,plaid skirt,oversized jacket,midi dress,seamless underwear,longline bra,holographic,minimalist jewelry,gladiator helmet,silk gloves,low-top sneakers,"Gingham-print sundress with a fit-and-flare silhouette, paired with ankle-wrap sandals, a straw bag, and a pair of drop earrings."
sleeveless top,pleated pants,padded jacket,mini dress,sheer underwear,lowlegs panties,kawaii,necklace,glowing crown,spiked gloves,mary janes,"High-waisted denim shorts with a cropped, off-the-shoulder peasant top, complemented by gladiator sandals and a colorful headscarf."
spaghetti strap top,pleated skirt,parka,minimalist slip dress,sleep shorts,mesh bra,light academia,necktie,goggles,steampunk gloves,minimalist shoes,"High-waisted paper bag shorts with a tucked-in tank top, accessorized with a wide belt, block-heeled sandals, and a pendant necklace."
streetwear hoodie,preppy pleated skirt,pea coat,off-shoulder dress,sporty underwear,mesh panties,magical girl,pearl earrings,gold crown,streetwear gloves,moccasins,"Lightweight culottes in a pastel shade, paired with a fitted sleeveless top, block-heeled mules, and a long chain necklace for a chic daytime look."
striped shirt,punk plaid skirt,poncho,overalls,thermal underwear,minimalist lingerie,metaverse style,pearl necklace,halo crown,studded gloves,mules,"Lightweight midi skirt with a tropical print, paired with a knotted white blouse, slide sandals, and a statement necklace."
t-shirt,ripped jeans,preppy blazer,playsuit,thong,modern lingerie,minimalist,pendant necklace,hat,suede gloves,open-toe heels,"Lightweight palazzo pants paired with a fitted tank top, thong sandals, and a long pendant necklace for a comfortable yet stylish outfit."
t-shirt under corset,ruffled skirt,puffer jacket,pleated dress,trunks,nightgown,minimalist luxury,pin,helmet,tactical gloves,over-the-knee boots,"Nautical-inspired outfit with a striped t-shirt, white linen shorts, boat shoes, and a rope belt for a day spent by the water."
tank top,running shorts,quilted jacket,preppy dress,unisex briefs,open-back teddy,modern,punk choker,holographic visor,thermal gloves,oxford shoes,"Off-the-shoulder mini dress in a bright floral print, worn with lace-up sandals, a tassel necklace, and a fringe crossbody bag."
tank top with jacket,sarouel pants,robe coat,punk dress,vintage low-rise panties,pastel lingerie,monochrome,reading glasses,hood,touchscreen gloves,peep-toe heels,"Playful polka dot sundress with a sweetheart neckline, accessorized with a straw hat, cat-eye sunglasses, and wedge sandals."
tie-front top,satin shorts,satin kimono,retro jumpsuit,vintage underwear,plunge bra,natural look,ring,horned helmet,transparent gloves,platform boots,"Playful romper in a vibrant pattern, worn with platform sandals, tassel earrings, and a woven crossbody bag."
vintage shirt,sequin pants,sherpa coat,romper,,push-up bra,noir fashion,round glasses,ice crown,tulle gloves,platform clogs,"Stylish summer outfit with a button-front midi skirt, a sleeveless blouse, and espadrille flats, completed with a leather belt and a delicate choker necklace."
y2k top,skater skirt,short coat,ruffled dress,,romantic lingerie,occult aesthetic,scarf,iron crown,victorian gloves,platform sandals,"Tropical-print wide-leg jumpsuit with a smocked bodice, worn with platform heels, a statement necklace, and a clutch for a night out."
,skinny jeans,shrug,satin dress,,satin bodysuit,pastel aesthetic,shawl,knight helmet,vintage gloves,preppy loafers,"Two-piece summer outfit with a matching crop top and shorts in a playful print, worn with slide sandals and a statement cuff bracelet."
,slacks,sleeveless jacket,sheath dress,,satin bra,playful,shoulder bag,leaf crown,winter gloves,pumps,"Vibrant tie-dye maxi dress with a cutout back, paired with flat metallic sandals and a wide cuff bracelet for an easygoing summer vibe."
,split skirt,streetwear puffer,shift dress,,satin lingerie set,pop culture,signet ring,magician hat,wool gloves,punk boots,
,straight jeans,suede jacket,shirt dress,,satin panties,punk,silk scarf,mechanical goggles,y2k gloves,rain boots,"virgin destroyer sweater, white sweater, ribbed sweater, turtleneck sweater, sleeveless sweater, sideboob, underboob, covered nipples, white sleeves, detached sleeves, ribbed sleeves, white panties, side-tie panties, ribbed legwear, white thighhighs, white garter straps, bare shoulders, stomach"
,streetwear cargo pants,sweater vest,short dress,,sexy lingerie,retro,silver necklace,metal crown,,riding boots,
,tailored shorts,transparent raincoat,short jumpsuit,,sheer bodysuit,romantic,streetwear accessories,military cap,,running shoes,"wearing a revealing black and red japanese-style outfit with intricate patterns and red accents, including a high collar, long sleeves with red tassels, and a pair of black thigh-high stockings with a checkered pattern. she has red accents on her head and shoulders. she is wearing black footwear and has a belt around her waist, adding to her overall warrior-like appearance. thighhighs, hat, sleeves past wrists, sleeves past fingers, underboob, jiangshi, ofuda, hair ornament, shorts, long sleeves, tassel, chinese clothes, black thighhighs, black shorts, black headwear, qingdai guanmao, frills"
,trousers,trench coat,sleeveless jumpsuit,,sheer bra,runway style,stud earrings,monk hood,,sandals,
,tulle skirt,trench with belt,slip dress,,sheer stockings,sculptural fashion,sunglasses,motorcycle helmet,,shoes,
,wide-leg pants,utility jacket,steampunk dress,,slip dress,skater style,tote bag,neon visor,,skate shoes,
,wrap skirt,varsity jacket,strapless dress,,stockings,soft girl,waist bag,newsboy cap,,slides,
,y2k mini skirt,vintage blazer,streetwear jumpsuit,,strapless bra,sporty,watch,nun hood,,slingback heels,
,yoga pants,waistcoat,sundress,,string lingerie,steampunk,wide-brim hat,officer cap,,slip-on shoes,
,,windbreaker,sweater dress,,tanga panties,streetwear,wristband,panama hat,,sneakers,
,,wool coat,toga dress,,thigh-highs,synthwave,y2k accessories,pilot cap,,stiletto heels,
,,y2k bomber jacket,transparent dress,,thong lingerie,techwear,,plague doctor mask,,strappy sandals,
,,,turtleneck dress,,transparent lingerie,timeless,,pointed hat,,suede boots,
,,,unitard,,transparent negligee,urban,,pork pie hat,,tennis shoes,
,,,utility jumpsuit,,triangle bra,vampirecore,,racing helmet,,trainers,
,,,velvet dress,,underwired bra,vaporwave,,rice hat,,vintage sneakers,
,,,vintage dress,,vintage lingerie,victorian gothic,,roman helmet,,wedge sandals,
,,,wrap dress,,white satin lingerie,vintage,,sailor hat,,winter boots,
,,,y2k mini dress,,,vintage floral,,samurai helmet,,y2k sneakers,
,,,,,,witchcore,,scarf hood,,,
,,,,,,y2k,,shadow hood,,,
,,,,,,,,silver crown,,,
,,,,,,,,skull helmet,,,
,,,,,,,,snapback,,,
,,,,,,,,sorcerer hat,,,
,,,,,,,,space helmet,,,
,,,,,,,,steampunk goggles,,,
,,,,,,,,steampunk helmet,,,
,,,,,,,,stone crown,,,
,,,,,,,,straw hat,,,
,,,,,,,,sun hat,,,
,,,,,,,,swim goggles,,,
,,,,,,,,tactical visor,,,
,,,,,,,,tech visor,,,
,,,,,,,,thorn crown,,,
,,,,,,,,tiara,,,
,,,,,,,,top hat,,,
,,,,,,,,trilby hat,,,
,,,,,,,,veil,,,
,,,,,,,,viking helmet,,,
,,,,,,,,visor,,,
,,,,,,,,welding goggles,,,
,,,,,,,,wide-brim hat,,,
,,,,,,,,winged helmet,,,
,,,,,,,,witch hat,,,
,,,,,,,,witch hat with ribbon,,,
,,,,,,,,wizard hat,,,
,,,,,,,,wolf hood,,,